image,rgb_psnr,rgb_ssim,y_psnr,y_ssim
bsds_0001.png,29.596585524382533,0.7876480949095918,31.432250720225518,0.8146274061382112
bsds_0002.png,21.592231171022377,0.6148773822787788,23.023004065043583,0.6340102557348581
bsds_0003.png,27.811325373177294,0.6875177483502659,29.215294867561745,0.7150490208632146
bsds_0004.png,33.258039816799474,0.8760181897951979,34.75589101457372,0.8884751078569219
bsds_0005.png,20.81044742472866,0.6263613115145517,22.221287866723415,0.6442042894212964
bsds_0006.png,32.25227462659373,0.8698334356123268,33.64917958148943,0.8814786675017537
bsds_0007.png,26.91538098585971,0.7953223987033317,28.189445477301245,0.8145115319281793
bsds_0008.png,21.537756042993802,0.6516449208631331,22.78909825261099,0.6734038678672585
bsds_0009.png,21.460219123539872,0.5097530147724599,22.69981261985357,0.5225749023531089
bsds_0010.png,21.975307531098657,0.5440868635073751,23.440568117238332,0.5709402594259675
bsds_0011.png,25.826738143193854,0.7775370781742139,27.56224120463989,0.7918698516684035
bsds_0012.png,24.26303915104548,0.7682642707123198,25.44685480765518,0.7819096868608257
bsds_0013.png,20.195761644507254,0.5248010762249374,21.458557527700705,0.5460655600429353
bsds_0014.png,22.681758374057782,0.6863618050614685,24.05375293086451,0.7015704438861636
bsds_0015.png,32.43607464097815,0.8900642694609576,33.762522701560144,0.903227274080096
bsds_0016.png,28.638418550780386,0.8243351238820181,29.884209594049416,0.8381240525110751
bsds_0017.png,28.5947053767416,0.8271796233811468,29.817105513842638,0.8368812585391787
bsds_0018.png,25.090740211643528,0.7326640947417938,26.345905009608384,0.7447377335386836
bsds_0019.png,27.16831521373157,0.7199525939915032,28.465920493632332,0.7412349161010345
bsds_0020.png,26.984884510413416,0.7270323494128372,28.330810037679353,0.74960841543952
bsds_0021.png,30.519222542708654,0.7859093258201962,31.921618268272603,0.8111320912570653
bsds_0022.png,29.853674292331558,0.7120058046535632,31.079986398839324,0.7386922172696249
bsds_0023.png,24.448855459766605,0.6973496087284884,25.75544391456652,0.7108682859729666
bsds_0024.png,27.427730287821916,0.7276932816132331,28.74945927532432,0.7482736506355853
bsds_0025.png,31.80705636843428,0.8407232368838412,33.01178035399319,0.8558966795769437
bsds_0026.png,31.655242765214126,0.9160093708088569,32.865363105846306,0.9226237654333029
bsds_0027.png,25.106215585371643,0.7746541135763693,26.513565393549158,0.7915203537744149
bsds_0028.png,30.611365492003987,0.8686370306826922,31.966162868809384,0.8816493298128792
bsds_0029.png,32.64450816870608,0.8998218505455263,33.870671733707326,0.9120054819135631
bsds_0030.png,30.466337052388447,0.8920186485210868,31.69786360890292,0.8985756214253515
bsds_0031.png,27.516401210946665,0.7159098955804678,28.771302324357087,0.7361533592726247
bsds_0032.png,23.644759178226735,0.6502406204035349,24.86131939181213,0.6637288345502391
bsds_0033.png,24.589694112296886,0.5887295706535106,25.9304696579018,0.6156906780475667
bsds_0034.png,21.979580078260163,0.4325652340897042,23.226344484760403,0.4596731201998911
bsds_0035.png,24.09663681811715,0.7067770940956318,25.30423217253571,0.7211943489254413
bsds_0036.png,21.79691269300266,0.6538050467670179,23.063658192079686,0.6710240456078947
bsds_0037.png,25.512283748659627,0.8382261352737705,26.729682521964648,0.847143133430782
bsds_0038.png,23.13517178269823,0.7569577797121171,24.5448295332684,0.7719168232113859
bsds_0039.png,21.476565582502584,0.5695980990019508,22.749236452893253,0.5893240058458636
bsds_0040.png,23.974294785367004,0.6762481163900821,25.244202614844234,0.7060062780245312
bsds_0041.png,25.454673077496327,0.7637109265385934,26.68894528304837,0.7792101422079628
bsds_0042.png,22.076275997819664,0.49572814119059183,23.44182692300377,0.5199580926047417
bsds_0043.png,27.439920668863582,0.7795608481122859,28.673939188712882,0.7947881383792916
bsds_0044.png,23.740492005765184,0.7891348277109785,25.10599539714132,0.8016926344503479
bsds_0045.png,33.63125459208583,0.8751508973999856,34.87736609274398,0.8878435550625798
bsds_0046.png,23.105104372507398,0.596186847562811,24.385672091862283,0.6123140778436014
bsds_0047.png,25.564052059817342,0.6562423690659689,26.878711812752893,0.6808857741386755
bsds_0048.png,28.03960104203499,0.7867292430747477,29.257274816668833,0.8064741868601039
bsds_0049.png,22.981339668197457,0.6812612546354407,24.393714861031146,0.6996108491100318
bsds_0050.png,23.057837715859208,0.6265691349745729,24.479563721937232,0.6509743549024999
bsds_0051.png,23.7503300129403,0.6032030557781639,25.04143406188978,0.6282206249669487
bsds_0052.png,21.87944444021424,0.6668235315562306,23.14439419604447,0.6803963037282718
bsds_0053.png,21.70929032714431,0.6855629598568128,22.94813705374189,0.6989337104998312
bsds_0054.png,22.725574710077282,0.6639172908326086,24.026791357225047,0.680981790700733
bsds_0055.png,22.891638747202197,0.6423903913730019,24.125332135699068,0.6605775106313202
bsds_0056.png,27.010476379214698,0.8629532217803256,28.410424637841633,0.8807665733327348
bsds_0057.png,25.268969987191632,0.6481573826552278,26.86661679102144,0.6753741905757096
bsds_0058.png,21.567791758581734,0.638428431683355,22.924805793432633,0.6597721773423405
bsds_0059.png,26.868079218203505,0.8382362517346246,28.496552945768478,0.8591339397352531
bsds_0060.png,25.877663275013468,0.778764584750582,27.209350549099646,0.794458066314442
bsds_0061.png,20.80016063191564,0.7092749858266125,22.06625895188484,0.7190501074137987
bsds_0062.png,28.28829286689638,0.8864906289533586,29.482778047052008,0.8990182461216918
bsds_0063.png,25.579591657628256,0.6932816139238769,26.874632595536397,0.7136811536362201
bsds_0064.png,25.366588158926238,0.8668585528788405,26.93395909036505,0.8780259517238155
bsds_0065.png,28.53461074806677,0.8105159782199453,29.884460429661296,0.8221289891405469
bsds_0066.png,28.124550144465182,0.795418917232661,29.482547759916947,0.8105120906884017
bsds_0067.png,28.090940510686533,0.8392656726093216,29.263693525742806,0.8478965046360344
bsds_0068.png,26.649497711697666,0.7784370851317032,27.981927559368987,0.7980214035361376
bsds_0069.png,30.51250107742319,0.8759849459088782,31.911001177883847,0.891388547458007
bsds_0070.png,28.121699570901857,0.8060299541865735,29.338873242697787,0.8235460412164658
bsds_0071.png,25.841532073549203,0.7632622826344712,27.092496345371192,0.7780630016188622
bsds_0072.png,23.353910088891617,0.6553651929970974,24.582856138827456,0.6723457678538705
bsds_0073.png,22.0311661283555,0.3847021257594103,23.342013841975586,0.4084634631073335
bsds_0074.png,21.691671654739906,0.7304026143739785,22.855351079434662,0.7383828172121201
bsds_0075.png,27.219220064078872,0.7515591895749695,28.414802146656022,0.7744753826520421
bsds_0076.png,21.93809683234701,0.685426184241822,23.21054213342662,0.7004459762192887
bsds_0077.png,22.80271506669322,0.6313322546348236,24.107185575214608,0.6507043975377795
bsds_0078.png,25.27571985409701,0.7496070162703572,26.44513189226557,0.7575511049346413
bsds_0079.png,18.754020038436728,0.5866138003836284,20.036289529879625,0.6016075262372476
bsds_0080.png,32.866375633387975,0.9594250762694481,34.17782498342661,0.9634652531339066
bsds_0081.png,35.537072275435854,0.9683091460874967,36.84507595806604,0.9720318252043249
bsds_0082.png,23.067440650410816,0.6491241359986871,24.51964917796536,0.6645757146039075
bsds_0083.png,24.562943476820443,0.6601825723567092,26.601439708726712,0.6899631118465824
bsds_0084.png,20.86123104591895,0.6487154290369805,22.131276055110803,0.6666798825673292
bsds_0085.png,24.083939074916113,0.5932870935447637,25.486713231095358,0.6204742102167156
bsds_0086.png,25.213486773792514,0.7512254583695648,26.55366291785006,0.7676821513083351
bsds_0087.png,24.442662176117157,0.7816216487385459,25.681934508260518,0.799929258058984
bsds_0088.png,31.300711994361144,0.8556166893204397,33.03919584288999,0.8740626451429114
bsds_0089.png,26.95305318086188,0.7318821569455106,28.8406293951317,0.7558561326374799
bsds_0090.png,26.975143466090607,0.6665335363652725,28.28750207472683,0.6840625763093963
bsds_0091.png,21.568856018661087,0.5695975398344658,22.904250664712382,0.584600071995292
bsds_0092.png,25.753205280211247,0.5964015444439529,27.080605797201763,0.6250662400041166
bsds_0093.png,30.143055027224555,0.8607810002232479,31.950004293856757,0.8762203222504428
bsds_0094.png,21.123081597871685,0.6415022519533141,22.387186772269338,0.6554776148798609
bsds_0095.png,21.80402336368109,0.6936769696778349,23.172286355384976,0.7117643609291084
bsds_0096.png,21.78590287609214,0.6764945268136322,23.075974567895003,0.6905597461312767
bsds_0097.png,23.086181267912306,0.736140548119996,24.377761379367804,0.7468796166649663
bsds_0098.png,21.57854546994865,0.5629302042885791,22.892417933885664,0.5782642552562064
bsds_0099.png,23.32733063485115,0.6666214177952297,24.64585871875082,0.6894030601468152
bsds_0100.png,22.80187398719926,0.7400998680589677,24.013519180440536,0.7550885948184312
bsds_0101.png,23.738704534664837,0.554871289596537,24.994225475860034,0.5786936159180764
bsds_0102.png,18.076233336243813,0.49493749936756365,19.420497181157483,0.5119450798761058
bsds_0103.png,23.650937957531347,0.6697368655377609,24.994013645849495,0.6931933815165982
bsds_0104.png,21.688329679534334,0.6755213475281318,23.037613606203344,0.6897424069939909
bsds_0105.png,23.79203347463549,0.7648169776360723,25.033406139565187,0.7808157605781679
bsds_0106.png,19.82947650144103,0.6033990794479314,21.183472916272965,0.6247449508373097
bsds_0107.png,21.641761983725843,0.5770759880141917,22.966216969643604,0.5951044716901301
bsds_0108.png,22.392025056048183,0.741045893585142,23.722502275052307,0.7531609246032441
bsds_0109.png,25.936854121451685,0.7433024554987909,27.316531807194092,0.7646512614255261
bsds_0110.png,22.902297693006005,0.6567431369911559,24.64870976770117,0.6746095860446789
bsds_0111.png,23.64106747546515,0.6206682897746173,25.065135963412672,0.6443303756890785
bsds_0112.png,24.59150178640305,0.7442469848946196,25.901568495346616,0.7574818760764257
bsds_0113.png,30.167208185095692,0.8858805794136088,31.572858452900338,0.8980802733254796
bsds_0114.png,27.779716794309035,0.8165046186009665,29.073467638410463,0.8349854144515377
bsds_0115.png,25.486559911482786,0.6575473146310484,26.77933212751497,0.683014138263693
bsds_0116.png,25.53539990940008,0.7504020652838221,26.792535998377947,0.7610287829519342
bsds_0117.png,23.361743840786996,0.5520826666800205,24.61244938337755,0.5742754680250501
bsds_0118.png,28.062611021821944,0.8306288115560413,29.286533776876837,0.8475633257651656
bsds_0119.png,28.739281586069755,0.8451488897365772,29.970299605918143,0.8571907140071493
bsds_0120.png,21.874418161406204,0.6184157320069609,23.240593281015475,0.6424029301049224
bsds_0121.png,24.265555408013554,0.7396599942319169,25.553455777396227,0.7543832328018945
bsds_0122.png,23.909397417349552,0.7158704450495631,25.24848049601166,0.7340436973924034
bsds_0123.png,26.199093418451863,0.8014439188468968,27.574765295499578,0.8141928097675425
bsds_0124.png,24.87251961329916,0.7844635939778617,26.447421172673927,0.8024980986668333
bsds_0125.png,26.471282770132408,0.823591837327653,27.700629026896788,0.8301138206800973
bsds_0126.png,23.29920959061166,0.7181015988687559,24.775066098499483,0.7303689487122788
bsds_0127.png,23.571099405696444,0.6463843775730945,24.897814840964934,0.6641795937825234
bsds_0128.png,23.579183814266326,0.716032171220454,24.978660813047732,0.7279269573031203
bsds_0129.png,24.646871292970275,0.8306320293635103,26.093494818674007,0.8407184935599644
bsds_0130.png,24.817894706564037,0.8067056480488769,26.252992982967946,0.8196756730630623
bsds_0131.png,24.857683312217702,0.8474405508903189,26.086785552998563,0.8511778616861736
bsds_0132.png,25.09384551879778,0.8210050364194621,26.271181728288447,0.8243850445179783
bsds_0133.png,30.79464738941224,0.8764233146048547,32.298573480750846,0.8862889126885375
bsds_0134.png,21.824164666367988,0.7187553062426942,23.02381552015515,0.7318259086702044
bsds_0135.png,25.580373944255914,0.7045700803334056,26.939036380613842,0.7264116135401475
bsds_0136.png,28.842123031891692,0.7650096197787687,30.111221385409834,0.7822035623065167
bsds_0137.png,28.2092419878664,0.7729901671736076,29.65287732025714,0.7941015749286703
bsds_0138.png,24.191440963317117,0.7892197273017546,25.484510639555765,0.7991148623207985
bsds_0139.png,26.799877447295962,0.7681648539519267,28.06263591453185,0.7814521830592441
bsds_0140.png,25.13516559642992,0.7701352105013868,26.453817781394818,0.7801340687792757
bsds_0141.png,27.533643407148645,0.7787494959767037,28.934676402572606,0.793492312615549
bsds_0142.png,25.454993766672334,0.6689934955161775,26.824145428191287,0.691730382609067
bsds_0143.png,29.181689969121052,0.7591800394953853,30.562079973390613,0.78343664917848
bsds_0144.png,21.543904412738378,0.7732535654132734,22.753593746517677,0.7796612780984173
bsds_0145.png,26.142015913577854,0.6495466788524927,27.397663855296628,0.6760516939677231
bsds_0146.png,28.035902921563483,0.8345587018546867,29.247047072551055,0.8533467829891616
bsds_0147.png,18.332861536063113,0.4905219175397299,19.598102669100577,0.501342476791819
bsds_0148.png,30.048796190219345,0.8664032054625093,31.249851323248194,0.8744034957892478
bsds_0149.png,23.928216804846414,0.7542879187268108,25.27685067988464,0.7695728323027952
bsds_0150.png,23.010131364453017,0.5773233678975127,24.317120757693445,0.6046638799415833
bsds_0151.png,27.596072562994927,0.796574998021371,29.1560504346631,0.8137072280100185
bsds_0152.png,22.834797223967804,0.605459387807261,24.11012084400433,0.6262691429695252
bsds_0153.png,28.979761731284913,0.831373929475714,31.073356849752983,0.8508322266070639
bsds_0154.png,24.67716404121077,0.7299779722509584,25.884780309947146,0.7403307714993447
bsds_0155.png,19.42274264166048,0.41675710743304534,20.71626823664328,0.4334454128325065
bsds_0156.png,23.360774631226008,0.65932561861043,24.665012555700336,0.6719471515217076
bsds_0157.png,23.853437182280736,0.6562034037747297,25.199272043511435,0.6787948460416603
bsds_0158.png,22.168321059598256,0.5074142256812338,23.452065669790674,0.5305646896746712
bsds_0159.png,26.362843412624436,0.7320683892070311,27.661660931027072,0.7601955134933285
bsds_0160.png,25.653553676593344,0.8101782867612976,26.986270251605042,0.8237219517382603
bsds_0161.png,27.03098287863512,0.8495023111050283,28.303341237395117,0.8607177488695138
bsds_0162.png,28.76677231989043,0.7644786001440268,30.03030277250663,0.7785931691075149
bsds_0163.png,28.34076782436101,0.8334826236302885,29.630558588918056,0.8495783758668702
bsds_0164.png,27.80835360314452,0.8418634502722203,29.069142622091427,0.8600520757829678
bsds_0165.png,23.50492621582912,0.7230537297766201,24.815913922303984,0.7500297248804851
bsds_0166.png,23.956137062641076,0.7345305670464192,25.19495638337436,0.755127955939693
bsds_0167.png,22.65954405384974,0.6204787123523309,24.066123986142543,0.6434231392919451
bsds_0168.png,22.34303456355491,0.723877087447868,23.717237823246116,0.7349390798949313
bsds_0169.png,27.722737447749203,0.7971586153029347,29.085760480875685,0.8185035852830739
bsds_0170.png,22.723484926363078,0.6705561016282534,24.210778698066942,0.6953889505645221
bsds_0171.png,24.367305849026977,0.7441898515793501,25.753229551668287,0.7638619036456404
bsds_0172.png,29.493162831168345,0.8529601259971319,30.882089614359856,0.8627561773371392
bsds_0173.png,22.83947312306914,0.6928120277802133,24.089274648518845,0.713145966224359
bsds_0174.png,30.511798682539766,0.8747751240358377,31.848360642916525,0.8875002633544007
bsds_0175.png,22.294824740840777,0.6280489627492846,23.506796579519165,0.6440791022981478
bsds_0176.png,18.94880927495048,0.62690071626237,20.298355970161918,0.6427501139233663
bsds_0177.png,24.537295050093437,0.6966076311216702,25.928756565326225,0.7187235431421282
bsds_0178.png,29.529625602895784,0.8647137963576136,30.875106579957436,0.8753602997674055
bsds_0179.png,18.833326277122687,0.4678747062153276,20.13890376746071,0.48884207171242844
bsds_0180.png,28.015309882060713,0.7311899351925665,29.275905289615224,0.7514151540409025
bsds_0181.png,23.827345599546817,0.6758633450276296,25.039396563432472,0.6986506312691811
bsds_0182.png,27.893005849309112,0.7660744770131519,29.182640163850884,0.7844920371842696
bsds_0183.png,32.16664712518929,0.8722923610404739,33.48735656625175,0.8859370578964877
bsds_0184.png,22.817236423747126,0.7723251286097268,24.22873725650993,0.7880320361436325
bsds_0185.png,30.020828765175814,0.8875802954454612,31.2597203301208,0.8968164801572098
bsds_0186.png,29.500264229961232,0.8823894189873448,30.970284734221867,0.8951683615739213
bsds_0187.png,29.61959264137013,0.871946232178009,30.841500429309335,0.8799530503466065
bsds_0188.png,25.481094375648823,0.805367835607537,26.77966916796096,0.8178925785779396
bsds_0189.png,30.43355690571672,0.846860196537308,31.906160261527567,0.8642901891505727
bsds_0190.png,24.586512635293722,0.772230739804904,25.845362457237382,0.7866942058728923
bsds_0191.png,24.793419338164043,0.6991160296988076,26.066733840098117,0.7209153138375008
bsds_0192.png,25.255079471402656,0.7655789537485626,26.47915487979084,0.7779714655538043
bsds_0193.png,31.558048869777366,0.892550605351779,32.840268898204585,0.9014214269196148
bsds_0194.png,23.01914131142982,0.6411819953352815,24.259120022234136,0.6575063041986684
bsds_0195.png,27.69746119313764,0.7537010112955002,29.025313780236615,0.7709281405835287
bsds_0196.png,26.417482837634427,0.46349265637125786,27.683112869309863,0.51099578384064
bsds_0197.png,20.039955178990084,0.5735807824042594,21.286048284706677,0.5823859394139665
bsds_0198.png,25.94906658546414,0.6747898063024032,27.27007242315819,0.6992708439360058
bsds_0199.png,27.57383827013016,0.8355063827091938,29.475725610580877,0.8521050757334415
bsds_0200.png,19.203625983045185,0.7073278505288068,20.61021834070289,0.7261263241258537
bsds_0201.png,19.19596065236178,0.6696696945347522,20.584940709261346,0.6799270717511033
bsds_0202.png,25.078690935089792,0.8085392391904986,26.320443510786408,0.8203660839254485
bsds_0203.png,26.34692775500536,0.7815057785566478,27.679204627189122,0.7980856309962295
bsds_0204.png,28.085135918817045,0.8471661710818102,29.31377365806125,0.8610753652335226
bsds_0205.png,24.788328172939217,0.7518874386059388,26.077105301914884,0.7683230336296746
bsds_0206.png,21.74142793212901,0.7252855685500802,22.938163920925632,0.7397782364717906
bsds_0207.png,22.62784266088106,0.7401513477142038,24.039001022110984,0.7573663130818116
bsds_0208.png,19.92157783651316,0.5062640272577196,21.255024063793474,0.5225211999516608
bsds_0209.png,26.67203474291807,0.743223713848928,27.901045886415602,0.7668258273508446
bsds_0210.png,26.131218663053733,0.6479720935839631,27.449508127075486,0.6769072688301959
bsds_0211.png,22.872204107072914,0.5910580472033846,24.13480666627227,0.6123338888839303
bsds_0212.png,21.58468818345275,0.44977409643049054,22.883675807562867,0.4731904373702548
bsds_0213.png,28.160504064343673,0.6767260763896036,29.423548300154305,0.707778188379994
bsds_0214.png,26.264302000994164,0.700873519585484,27.645379148684217,0.7248709378162285
bsds_0215.png,21.999106475636722,0.8417012240596146,23.264067008722744,0.8471928970345336
bsds_0216.png,29.484318051644163,0.7577232868802047,30.82279897713056,0.7791667306251499
bsds_0217.png,27.844792640215825,0.867876517442964,29.071200221429176,0.8727465048016556
bsds_0218.png,28.184343721003863,0.7759912402857027,29.507457203039248,0.7964391094786403
bsds_0219.png,28.99493233937765,0.8741796367996487,30.347399676883406,0.8858900222161792
bsds_0220.png,24.2909033640365,0.6818962853996143,25.566698042254316,0.710374014398685
bsds_0221.png,25.948989140347848,0.6358294786848204,27.235546486257334,0.6624211076125838
bsds_0222.png,24.034110945388893,0.6638138298730388,25.24816538922787,0.6863719272147213
bsds_0223.png,25.503566814624907,0.6623772901864382,26.794786154499484,0.6809114055568591
bsds_0224.png,23.50752251810507,0.6699200870224885,24.740092552027303,0.6876968344921053
bsds_0225.png,23.963838572559524,0.8090346082461233,25.13500668315313,0.8243356257984782
bsds_0226.png,22.258827927311632,0.6016439133734314,23.526809856265714,0.6216094975085539
bsds_0227.png,24.48912425283882,0.7079732566239324,25.72459950484033,0.7301384301747974
bsds_0228.png,22.52415826303149,0.5614037843557546,23.83905905273041,0.586079012299927
bsds_0229.png,24.913794607848608,0.8301544222251426,26.164070463854344,0.8418103246981605
bsds_0230.png,24.46468178804096,0.7268351915627508,25.68994325861155,0.7436630953785434
bsds_0231.png,26.210608468547765,0.8092001146417888,27.48216400857259,0.8253553030003243
bsds_0232.png,22.442253432253988,0.7145840241263558,23.766528951915554,0.7285607083972813
bsds_0233.png,25.121198362001028,0.7589053931097434,26.336654703063672,0.7742236191056537
bsds_0234.png,21.40154960809371,0.6634188569828839,22.59546430673931,0.6774842803295104
bsds_0235.png,22.865794362823245,0.6449393659700869,24.151740320857165,0.6573793755734969
bsds_0236.png,21.926245095615975,0.6782929690135723,23.158579220020886,0.6907475887962661
bsds_0237.png,25.040281976236216,0.7528669543759415,26.29836411915834,0.7670254422458396
bsds_0238.png,25.324465073015716,0.7880266097611797,26.65498585650765,0.8047999305282902
bsds_0239.png,24.351683845671353,0.7782045656962898,25.810841584455222,0.792063001503846
bsds_0240.png,26.456651667567996,0.8674380573334909,27.680117423235473,0.8743275025378301
bsds_0241.png,27.160640793517462,0.8268381365200766,28.815980624726166,0.8440523090716808
bsds_0242.png,29.097976678293307,0.766025450295821,30.605539020052944,0.7903355975545934
bsds_0243.png,25.222915513005738,0.6785658086628081,26.506753560370136,0.6976313878544472
bsds_0244.png,31.900565835333467,0.82766645750496,33.0755628602809,0.8420762080408853
bsds_0245.png,24.169400949698264,0.774470254411021,25.40605383294021,0.7892710717741707
bsds_0246.png,20.758579361466122,0.5744761947790994,21.998045585275,0.5947021791702264
bsds_0247.png,26.080899289546956,0.7933435215576896,27.33336670330031,0.8062351376366762
bsds_0248.png,25.72964083438209,0.7802549160518121,27.060106337753936,0.7926668763200431
bsds_0249.png,27.012202947358066,0.7667025769158643,28.696346588046538,0.7896504682833796
bsds_0250.png,24.515708374396556,0.7001379065550277,25.917804174343537,0.7222576170314132
bsds_0251.png,25.57880830740536,0.7142376247386633,26.930356888155245,0.7384843064209397
bsds_0252.png,22.25709710615829,0.7116573631564038,23.441109678531827,0.7240923576825011
bsds_0253.png,21.723515751886488,0.6063470770704019,23.089836444515793,0.6249140465483835
bsds_0254.png,25.864856407262366,0.6939471067013271,27.169920800688487,0.7186678826589057
bsds_0255.png,22.280001900539673,0.6523064306918842,23.520405463080536,0.6722535497007558
bsds_0256.png,22.55555654262387,0.7456056093454589,23.835059067040195,0.7618980711768581
bsds_0257.png,24.310069452621676,0.636243652443964,25.74425535943556,0.6580273412540423
bsds_0258.png,23.294230413171434,0.6238401993355801,24.582863304484516,0.6393407553109413
bsds_0259.png,35.0040582353964,0.93353858346787,36.327936129550324,0.9405012449228917
bsds_0260.png,25.9828837526798,0.6556808812967712,27.23376769230037,0.6842863562487925
bsds_0261.png,25.501723627382272,0.6724377257797176,26.784388968635554,0.6977243770161174
bsds_0262.png,28.214986640966913,0.8407453618248338,29.438187129111416,0.8484573925798248
bsds_0263.png,21.762543918828385,0.6682850985206806,23.012523827540832,0.6841373260340547
bsds_0264.png,30.27816952555029,0.895550969361937,31.6250491625836,0.9071974396099187
bsds_0265.png,23.01148222797369,0.7948597777873653,24.419149135747272,0.805773091668924
bsds_0266.png,29.92401251548192,0.80471926823092,31.295899499152213,0.8281151911649349
bsds_0267.png,23.142775584145966,0.595227630612711,24.422533364286107,0.6134324605741185
bsds_0268.png,24.049528191756927,0.7057903963538162,25.40358170035396,0.7297992586784869
bsds_0269.png,25.592142414371363,0.8152265820380765,28.237200342747308,0.8370494719394962
bsds_0270.png,23.900557236135604,0.7515117907888448,25.381893882537284,0.7708916214105374
bsds_0271.png,24.663316066165116,0.7679687904147187,25.946388408065676,0.7788647634626481
bsds_0272.png,29.201121977415653,0.8943312412641716,30.478024551540905,0.9031079313253929
bsds_0273.png,33.5097550795939,0.9215172128729483,34.922372383083186,0.930281992722279
bsds_0274.png,26.492356113609127,0.7792852720090298,27.814427238039737,0.7925715815259256
bsds_0275.png,25.081821170451647,0.7036479486064566,26.444921853554703,0.723872631346148
bsds_0276.png,27.146765266148194,0.7472471968880322,28.546199059412377,0.7674105630040479
bsds_0277.png,26.917027462085645,0.7169003721772432,28.23746932947273,0.7439784277989596
bsds_0278.png,25.767132053824902,0.7620736749739759,27.206530851272976,0.7811775073678049
bsds_0279.png,23.93181706010821,0.6885210616458636,25.186293145408435,0.7027961623542075
bsds_0280.png,22.002720578415236,0.7298863573593325,23.31398785729124,0.7447618887375055
bsds_0281.png,27.17449424798915,0.8299519582735034,28.47398865857942,0.842718681098183
bsds_0282.png,24.884622625206383,0.7445484126456666,26.19567035020246,0.7649550789015962
bsds_0283.png,24.42068549654923,0.7087268631794869,25.68408493799076,0.7229819070875964
bsds_0284.png,20.57763498770325,0.6670481276398217,21.731596461642507,0.6805502472542079
bsds_0285.png,30.53252291467409,0.9079318650869505,31.733357948792463,0.9204884553017396
bsds_0286.png,30.243719043490263,0.8073739281494093,31.52117354986658,0.8296383071028797
bsds_0287.png,28.56291286447936,0.8720533524411668,29.797314673637313,0.8786986114980715
bsds_0288.png,21.719743907408535,0.5877689590158288,22.93476956768503,0.5994108214850189
bsds_0289.png,21.5160399139082,0.5071980093199855,22.78962342675488,0.5263089355526394
bsds_0290.png,27.881652846029414,0.7665546309610815,29.087977061632824,0.7833913901002815
bsds_0291.png,23.317906182247473,0.7504777488324447,24.593703095517377,0.7644121962256447
bsds_0292.png,22.141225499576937,0.5918313773813763,23.448888986602263,0.6135010239871566
bsds_0293.png,30.79158305380077,0.7661002945087593,32.21750417001252,0.7919628045318508
bsds_0294.png,22.841108654373258,0.7644300372808256,24.04374401762361,0.7719720707809506
bsds_0295.png,16.81476880864302,0.5387073155457,18.09335419766559,0.5562571616593973
bsds_0296.png,22.436448921538382,0.6828789332062636,23.815104934544784,0.7001473014414801
bsds_0297.png,26.2731268432988,0.8005112286302739,27.57307856183415,0.8115702136114944
bsds_0298.png,23.284817687362978,0.7032486934154031,24.859994374907263,0.7197827366506289
bsds_0299.png,22.887961391423914,0.6380482547891785,24.165393027604992,0.6529969079893534
bsds_0300.png,25.579610513824495,0.7308633504259759,26.822045389094193,0.7468679664543306
bsds_0301.png,27.770216411561705,0.7878547400000855,29.366647097692518,0.8117528158022428
bsds_0302.png,37.14716615361109,0.9197119982190225,38.492100951068885,0.9315350742259394
bsds_0303.png,24.985935365203567,0.7105150926418737,26.284071453870386,0.7306036545980885
bsds_0304.png,21.75540074841729,0.48987128005578634,23.050222306781816,0.5093933417703354
bsds_0305.png,22.256338503294735,0.5863622022083047,23.57295573417315,0.6090169047146132
bsds_0306.png,21.117997753150345,0.5533967744804055,22.32166438607322,0.5628718047070668
bsds_0307.png,27.391277900293222,0.797431528074457,28.562667618550325,0.8047995594868903
bsds_0308.png,26.473340601258187,0.519452625056738,27.77292177863754,0.5646173882788734
bsds_0309.png,30.040063018453047,0.7571218698047312,31.298704069052924,0.7843509117217844
bsds_0310.png,29.253290708958932,0.6682611182328143,31.02318595348742,0.7075991542185279
bsds_0311.png,27.253467087517926,0.8140724086119219,28.525704103597498,0.8302658052071229
bsds_0312.png,29.455388109340085,0.8576655189937125,30.633502268829798,0.8675340810870652
bsds_0313.png,27.56714528708425,0.8165048201996452,28.741644291622276,0.8297408950278307
bsds_0314.png,23.031415783569415,0.6354848484253661,24.362387480674347,0.6581818245185108
bsds_0315.png,27.848742076014695,0.752577787137164,29.09810295671354,0.7781661159780107
bsds_0316.png,23.51569351460803,0.754779118232455,24.68335567418321,0.7675553699063182
bsds_0317.png,28.648254589562136,0.7929610773532813,29.961946569633184,0.8098919953778665
bsds_0318.png,27.366006898460462,0.7282278676883479,28.62250209909904,0.7533609756293634
bsds_0319.png,26.497644687778447,0.6906287130124474,27.715701838556992,0.7269041913223507
bsds_0320.png,19.8348217213491,0.41733651098049457,21.187406311769973,0.43593970858796977
bsds_0321.png,25.270635994586378,0.6112329114638041,26.559633078050272,0.6334012254801166
bsds_0322.png,25.964965655518924,0.5834149213053176,27.264777334336117,0.6143934612677402
bsds_0323.png,25.725105193582294,0.6979180192538527,26.931998174782514,0.7106988854818401
bsds_0324.png,30.37963980284283,0.7696215950537472,31.823001057831345,0.7952634976960009
bsds_0325.png,25.14407316378631,0.6890105756662054,26.492433158824586,0.7113131309002257
bsds_0326.png,17.87519970076864,0.41965794866019984,19.09942066816373,0.440363045822961
bsds_0327.png,28.551945965571704,0.7345613748875266,29.92763737146976,0.7624960577146979
bsds_0328.png,29.95430936597125,0.7786142620755073,31.167889993473125,0.7994208323517422
bsds_0329.png,33.434354393151175,0.8596891958460068,34.66413169852387,0.8741976476396002
bsds_0330.png,26.6224905530315,0.7462240123845154,27.861463994964346,0.7697058719925163
bsds_0331.png,23.78535036782433,0.6354566714203741,25.059056163318015,0.6565184304889079
bsds_0332.png,27.03796609049529,0.8601104151514193,28.417078709379176,0.8733970895513815
bsds_0333.png,27.771426238560185,0.9084568542605304,29.054449272269895,0.9186449436355053
bsds_0334.png,25.24383712426246,0.7959398614868619,26.689598943902382,0.8063570671532766
bsds_0335.png,22.620918377867042,0.666529369892448,23.94461618357058,0.6802599671151786
bsds_0336.png,24.01318042475754,0.5977126601702838,25.286921725728874,0.6229244086115107
bsds_0337.png,26.055478083736805,0.7629477724784318,27.31493876013674,0.7806168669209002
bsds_0338.png,25.614262215225256,0.7379681503334582,26.843283235539317,0.756144198612059
bsds_0339.png,25.626671095169034,0.6558163775005738,26.931659619826714,0.6808295239273305
bsds_0340.png,31.199818934984386,0.9133927856555477,32.43531004042255,0.9221951797126982
bsds_0341.png,21.43588745075482,0.40558609103956994,22.72571827520702,0.4233390425038452
bsds_0342.png,24.27218145750253,0.7115242975953016,25.621601302066196,0.7329512776900673
bsds_0343.png,34.57350925299145,0.9583526536456825,35.76088719178606,0.9625273609318235
bsds_0344.png,26.061109121833216,0.7052873264685946,27.386769193346822,0.7277081802138582
bsds_0345.png,22.391258931473747,0.6030536586612033,23.691456286723216,0.6195232880636468
bsds_0346.png,20.524339474428356,0.5224980818194663,21.801328276111136,0.5341942644268928
bsds_0347.png,25.320725844153937,0.6212563259955571,26.619106201753567,0.6468896543040382
bsds_0348.png,24.548981752175017,0.6327146813141344,25.879971118133298,0.6553813831532314
bsds_0349.png,25.47718172206512,0.742614050145717,26.823439336858566,0.7667271575310353
bsds_0350.png,24.130306215346117,0.7930677951313804,25.348646184339152,0.8067104852888074
bsds_0351.png,25.022272297507456,0.8139807079112745,26.430483165968557,0.8269793884560713
bsds_0352.png,21.123292519889,0.4164851641407374,22.385297116299057,0.4429058309460877
bsds_0353.png,25.795289231579183,0.7599587413098877,27.077652066365392,0.7730547571684113
bsds_0354.png,19.281502052000704,0.5808353622098136,20.58687785899478,0.5918498531341027
bsds_0355.png,23.159074711781606,0.5790934213500774,24.39518732566366,0.5964224022679644
bsds_0356.png,23.864537722889967,0.6729069654864265,25.15801449444929,0.6910104571486766
bsds_0357.png,27.11255606430157,0.7654841414037743,28.385588546276086,0.7850147235356503
bsds_0358.png,23.41402125136871,0.7420294665933049,24.691601844063115,0.7535250923720119
bsds_0359.png,20.08139247623385,0.5881497343513429,21.527077953805204,0.605597052450998
bsds_0360.png,23.34160407179109,0.5669690819672503,24.655722041644367,0.5970649773114575
bsds_0361.png,21.180918448685606,0.3745173390031218,22.46754420143699,0.39531758720783655
bsds_0362.png,27.029703963349434,0.8004328537438413,28.253927004111212,0.8078529640827283
bsds_0363.png,31.3536367068915,0.9198690774927298,32.56352171349981,0.924301843344384
bsds_0364.png,24.79206940601088,0.78206937860713,26.09897207237031,0.798470527222917
bsds_0365.png,29.637042872865194,0.8919611492185443,30.947468081928548,0.8997160087984197
bsds_0366.png,28.553443462604257,0.8914712351166498,29.71320169362005,0.8971077371632182
bsds_0367.png,34.8815597558061,0.9284917013157915,36.12337462100402,0.9361189752429415
bsds_0368.png,31.27264299069134,0.907578266526258,32.46427354632769,0.9131391342209039
bsds_0369.png,23.953186070567494,0.6418310619437795,25.26871303749904,0.6573081661270951
bsds_0370.png,20.96530013355574,0.6316246499663406,22.30857838138023,0.6446099886915685
bsds_0371.png,27.782268379344544,0.8037627309656399,29.020294389875012,0.8168672046384196
bsds_0372.png,27.53696001648315,0.6610429319830226,28.81502319387539,0.6913355474679007
bsds_0373.png,25.71086616712052,0.7491031087786656,27.07550307795441,0.7776332366309803
bsds_0374.png,23.050394835934963,0.674826539259355,24.297797572549502,0.697789049172089
bsds_0375.png,28.82770553393786,0.8235278996194415,30.107396474373154,0.8392230625847429
bsds_0376.png,22.248542870164123,0.6042585875751842,23.63007920018937,0.6238035682585965
bsds_0377.png,18.275395168215642,0.5239082778708029,19.668209276024868,0.5401002469314222
bsds_0378.png,24.075814851737775,0.6735257581032013,25.31672682569208,0.7023405337987113
bsds_0379.png,25.57120881646892,0.8085342567617405,26.895871708805878,0.8223369437112118
bsds_0380.png,20.746394633568777,0.6719579617066196,21.9815764885713,0.6858549910865793
bsds_0381.png,27.375503169131076,0.7657831753146623,28.64327692094018,0.7881356472802744
bsds_0382.png,27.188189257333658,0.7259204134449991,28.407015937859306,0.7565849686117951
bsds_0383.png,26.332050121860142,0.7220983382758254,27.675922911091693,0.7410490256089377
bsds_0384.png,21.175050203925316,0.6691150925186112,22.568376651674757,0.6927520444738945
bsds_0385.png,25.857575690841355,0.6501672864061764,27.509746281238478,0.6746522955297095
bsds_0386.png,29.396455662617807,0.7565415756000999,30.68139380893634,0.780601716089504
bsds_0387.png,22.829871425208875,0.676349319468732,24.18719088508963,0.6962435494370892
bsds_0388.png,26.12646646881979,0.7144518955080966,27.521331505728966,0.7309080374113305
bsds_0389.png,23.66140372992746,0.5771273455249685,24.956857783326466,0.5985261653108637
bsds_0390.png,24.70275364551984,0.7585292762962984,26.03116770578744,0.777401990814703
bsds_0391.png,25.71548925615081,0.6005292012740187,27.01251972889485,0.6250355118639419
bsds_0392.png,24.259582657201953,0.681547796938994,25.770792541520144,0.6998764087022556
bsds_0393.png,23.30240645830926,0.6723668421455162,24.716915193251307,0.7018435433508134
bsds_0394.png,27.405046281170108,0.7565214596960598,28.616659416821886,0.7727231188304805
bsds_0395.png,21.565756786633354,0.5741852979868497,23.015001448640746,0.5991932610818639
bsds_0396.png,23.76406117802261,0.538933655586896,25.03805009533956,0.5693546446697187
bsds_0397.png,21.641585509576057,0.6224661368893042,22.93820629687864,0.6479945988315515
bsds_0398.png,26.891197036056713,0.8007754193610341,28.155435990248296,0.8163856406038971
bsds_0399.png,23.72546831339696,0.5630035946157524,25.034682642095664,0.5904275505072193
bsds_0400.png,25.615395091861927,0.7774115781601223,27.335165654710742,0.7992808344483894
bsds_0401.png,21.63462489232582,0.7124618971507307,22.881776262684,0.7347636317256773
bsds_0402.png,23.591679021235635,0.7331503978043211,24.928807827873023,0.7519558331673588
bsds_0403.png,28.667666218949854,0.8576870175866863,30.414287832222918,0.8744140713375023
bsds_0404.png,29.76420791651207,0.8143778936082334,30.986733623838546,0.8302595014179438
bsds_0405.png,22.947611208833514,0.5913765218172015,24.266183482947163,0.6117758720693351
bsds_0406.png,25.662198617677568,0.7760866493925901,27.40873500595089,0.7922756603113937
bsds_0407.png,28.315399675617044,0.7482249008644727,29.931020096654905,0.7774485161515995
bsds_0408.png,22.120908315660103,0.46698585553573785,23.500560522630977,0.49058997287932465
bsds_0409.png,26.06602053377042,0.7479668513045056,27.474439046277183,0.7622910283918486
bsds_0410.png,24.72619539934434,0.7849666489385356,26.05318362253837,0.795710678730292
bsds_0411.png,27.630100713049814,0.7862264267191151,29.043977252498685,0.80628284489887
bsds_0412.png,25.35014435999734,0.8059596522844913,26.52273006384059,0.8101027107184181
bsds_0413.png,26.575955887258253,0.876484785129458,27.84688664111509,0.8865497997894073
bsds_0414.png,27.762730461220478,0.9084300544149277,29.10961413655528,0.9195687656754806
bsds_0415.png,27.544741905114734,0.7282664382089985,28.898371586923336,0.75183053764788
bsds_0416.png,31.553119018231133,0.8681345159025255,32.87324569630775,0.8845997144412799
bsds_0417.png,26.510606391695767,0.7594498834098836,27.726056775425683,0.7745146389018465
bsds_0418.png,28.25806827743984,0.8016541908365276,29.501732787138664,0.8167508416284919
bsds_0419.png,26.09571758801436,0.7281128496664176,27.348336533727093,0.747369855774724
bsds_0420.png,24.951549896371063,0.6803756910631735,26.280166179533584,0.700412987793268
bsds_0421.png,24.289304618117924,0.6229677144920351,25.51970677746963,0.6374414229962833
bsds_0422.png,32.883786674137454,0.9101566749740568,34.077163181216136,0.9233473372686075
bsds_0423.png,27.209999852247574,0.7652435871009174,28.466150822949903,0.7876136906008854
bsds_0424.png,21.959372006991412,0.6035847907612171,23.381988549052632,0.6282985658479586
bsds_0425.png,24.76282755854666,0.6278310822835911,26.516663552981218,0.6621721209671476
bsds_0426.png,23.50419380373575,0.6468118685360614,24.839097934168443,0.6655428085382973
bsds_0427.png,31.72754191153365,0.8909801621300285,33.174857315649284,0.9048854743144785
bsds_0428.png,26.82308713887222,0.6522068064543428,28.21363569469103,0.6843830449335773
bsds_0429.png,25.734415913742104,0.735789029913755,27.058723496031476,0.7555058173241487
bsds_0430.png,23.681096547426193,0.6116180041672435,24.978591168074015,0.6356789377962409
bsds_0431.png,26.571289514885667,0.6812536058037549,27.960025323197804,0.7051677405470983
bsds_0432.png,36.34632272874647,0.9159757559541796,37.71551502818761,0.9298693529379937
bsds_0433.png,20.47367473044097,0.5034923918914922,21.822867802966055,0.5249257696072094
bsds_0434.png,27.436263333746172,0.7293595378314702,28.754864121994814,0.7552158653706214
bsds_0435.png,22.149664543113193,0.6055025027688167,23.489834158648208,0.6276968073896441
bsds_0436.png,19.51398481568781,0.5649145835154038,20.76439948242658,0.5817116458976451
bsds_0437.png,23.39711512991545,0.7332800647559319,24.61607317146871,0.742413089788733
bsds_0438.png,35.47138141613465,0.9206188234567537,36.877922978710046,0.9317994898161596
bsds_0439.png,23.333561944593647,0.6193602096995803,25.083720618673595,0.6410621990484003
bsds_0440.png,24.126737313641048,0.7414684980483264,25.426527679580456,0.7641755663279791
bsds_0441.png,23.82869458294192,0.7656863709734701,25.140158166958333,0.7777363149621931
bsds_0442.png,20.237320044681823,0.6103846573364523,21.524171549713856,0.6265906028856032
bsds_0443.png,22.667986417338767,0.7066593709652164,24.12342594739843,0.7261859482165135
bsds_0444.png,29.40307878332365,0.7438757961885468,30.624267987736474,0.7695316260586831
bsds_0445.png,24.33528105623421,0.7167773666058656,25.56604510718636,0.7290035877061463
bsds_0446.png,24.090901432810227,0.8215710858713884,25.506181356532167,0.8384708350242399
bsds_0447.png,23.109796629141442,0.5682715887362408,24.38276446148862,0.5868770485771596
bsds_0448.png,23.20130350639442,0.7425596678287391,24.454651747077275,0.7591980048768115
bsds_0449.png,25.95362407825082,0.827241297155498,27.417386725307487,0.8435326067407768
bsds_0450.png,25.257676205261,0.7288915219771299,26.917703180747885,0.7491918577027735
bsds_0451.png,24.679977476088546,0.6552412769176787,25.982962359566827,0.6756741839704167
bsds_0452.png,25.504107481680588,0.6595673884997674,26.864454478534412,0.6841163798656749
bsds_0453.png,30.023235369674452,0.8677992088025787,31.281233016511916,0.8737413816156003
bsds_0454.png,24.3869876231866,0.6836457075212752,25.675094859807366,0.7006871012314143
bsds_0455.png,25.421200193205514,0.6793602225451586,26.644202194086255,0.7020705759151731
bsds_0456.png,23.55581184100202,0.6859121074826723,24.788977783402242,0.7110541177019305
bsds_0457.png,18.287609847991334,0.6273081703058191,19.48391565138887,0.6357351436293142
bsds_0458.png,28.12585935008306,0.7734924111722493,29.472258505367492,0.7917922597856484
bsds_0459.png,25.571603579586366,0.5400152731895463,26.894932427168307,0.5722960755712583
bsds_0460.png,29.9636833540432,0.8736624842830146,31.59468331195464,0.8863229357133269
bsds_0461.png,23.428454126301656,0.6230852528459843,24.732416482664203,0.6408643800403774
bsds_0462.png,36.21419795382349,0.9506404208679662,37.449970487463624,0.9558928958076145
bsds_0463.png,26.72624457389158,0.805919640974872,28.13950416490526,0.8145411282054358
bsds_0464.png,25.697152065702635,0.7819298168720561,27.01250741905295,0.794180163165928
bsds_0465.png,26.40186308736719,0.659577914704443,27.736885422167283,0.6948793644150714
bsds_0466.png,23.840063369565357,0.6336062494590108,25.141082702439817,0.653458074956319
bsds_0467.png,24.202951516687257,0.6836979085630328,25.534251718847074,0.7076018626876512
bsds_0468.png,27.255826033776074,0.6841392054012857,28.50302551595441,0.7077353621731305
bsds_0469.png,21.14669623694234,0.5980208641767581,22.398709514152607,0.6155204608154471
bsds_0470.png,23.672915316972784,0.661482842366573,24.960549120340097,0.684959937911813
bsds_0471.png,19.325880111619426,0.602190908563375,20.60757703140286,0.6156044277796242
bsds_0472.png,19.887085769996055,0.5585329272943437,21.16047431502419,0.5740547171529743
bsds_0473.png,20.547487303151584,0.5287653349223138,21.798199000767372,0.5455913591630267
bsds_0474.png,27.44988225514134,0.8524331085441291,29.042048180890117,0.8671816980508341
bsds_0475.png,27.352372328816607,0.7553211268337909,28.72251385068248,0.7759169318645274
bsds_0476.png,33.02445649854575,0.818799530886741,34.240271991199386,0.8447829853202212
bsds_0477.png,27.877021530020535,0.8616417044488877,29.07834934834678,0.8691742430525533
bsds_0478.png,25.364505984669655,0.7959814752479341,26.723992011864905,0.8095888144862496
bsds_0479.png,27.223137664784286,0.7746401976268734,28.46676031477414,0.8009026991297905
bsds_0480.png,26.267950581577093,0.6778967297130949,27.75492342472353,0.7058888843754576
bsds_0481.png,23.269423766328146,0.7693186297865603,24.604865284197686,0.7851515393043074
bsds_0482.png,27.16277660505454,0.7779190238777192,28.49077848116734,0.7954255677177596
bsds_0483.png,18.200758262519876,0.568202595925552,19.570661476400513,0.5810476181901323
bsds_0484.png,23.404483969568854,0.6611881144271993,24.77241779269501,0.6803283160206731
bsds_0485.png,23.479743411976862,0.734097703545654,24.71097182406114,0.7465234927694079
bsds_0486.png,20.567977932267993,0.3092332029848733,21.883730690645166,0.3318325990553244
bsds_0487.png,25.477142995980024,0.5332511886944636,26.800574806965315,0.5647054699649343
bsds_0488.png,23.744519785916754,0.5258636070306698,25.06246381843669,0.5509334475923642
bsds_0489.png,24.268418570317046,0.7622599469649302,25.54515130305569,0.7715389592549945
bsds_0490.png,21.56597705955216,0.6801134952826121,22.856985780310886,0.6884916618454638
bsds_0491.png,24.491637895449383,0.6739020800807903,25.797492184834844,0.6953984660984792
bsds_0492.png,29.132402140070862,0.8484561361099455,30.36451835069257,0.8684092045120786
bsds_0493.png,23.06262837251671,0.6518836601512916,24.409598591432836,0.6750698922089216
bsds_0494.png,26.196845038164934,0.6513346025657651,27.50673467745709,0.681902322651293
bsds_0495.png,23.802849104926512,0.5950519865943747,25.184678576369762,0.6174126867260686
bsds_0496.png,25.432278920074168,0.6418070370753578,26.696288908766018,0.6629867410168993
bsds_0497.png,20.927689212708604,0.5767107497861284,22.221718113122595,0.5953507178373456
bsds_0498.png,19.919912308059292,0.59121722557522,21.26445608628796,0.6082658257729782
bsds_0499.png,24.270251484708474,0.7868728935173008,25.52073160321615,0.8034860980517927
bsds_0500.png,22.64027240819502,0.6620038115960291,23.957078766138086,0.6808565440748569
